Customer ID,network_age,Customer tenure in month,Total Spend in Months 1 and 2 of 2017,Total SMS Spend,Total Data Spend,Total Data Consumption,Total Unique Calls,Total Onnet spend ,Total Offnet spend,Total Call centre complaint calls,Network type subscription in Month 1,Network type subscription in Month 2,Most Loved Competitor network in in Month 1,Most Loved Competitor network in in Month 2,Churn Status
ADF0001,1012,33.73333333,1560.1156,14.04,226.3,3126093.298,64,14503,12402,1,1,1,Weematel,Mango,0.0
ADF0002,137,4.566666667,1705.8368,73.63,5.0,162.8809,515,29832,88953,9,1,1,ToCall,Mango,0.0
ADF0003,202,6.733333332999999,1720.3008,4.36,245.0,3334606.97,163,228,1495,1,1,1,ToCall,Mango,0.0
ADF0004,165,5.5,1732.28,0.0,12.5,668292.3877,484,0,71928,2,1,1,Uxaa,Mango,1.0
ADF0005,759,25.3,1873.06,69.57,412.5,6666974.778,64,7616,20753,2,1,1,Mango,Mango,0.0
ADF0006,129,4.3,1877.26,46.11,343.75,3387698.2260000003,121,0,20944,1,1,1,PQza,Mango,0.0
ADF0007,148,4.933333333,2388.8208,17.99,1.25,129167.6787,830,0,93461,1,3,1,0,Mango,1.0
ADF0008,1144,38.13333333,2702.35,47.84,48.75,3390.0625,431,60102,131525,1,1,1,Mango,Mango,1.0
ADF0009,137,4.566666667,2782.5572,179.52,315.0,3632010.692,622,0,40724,2,1,1,Weematel,Mango,0.0
ADF0010,1456,48.53333333,2934.7028,200.37,108.75,40638.8886,892,16572,150693,1,2,2,PQza,Mango,0.0
ADF0011,462,15.4,3099.46,0.0,178.87,2271782.651,833,2327,37510,12,2,2,PQza,Mango,0.0
ADF0012,1615,53.83333333,263.77,32.65,21.25,900.1602,38,2352,9658,1,1,1,Mango,Mango,1.0
ADF0013,1422,47.4,292.442,45.16,0.0,130874.5967,24,0,8627,1,1,1,Mango,Mango,1.0
ADF0014,1987,66.23333333,362.81,18.95,0.0,4635.3145,43,2773,14879,1,1,1,Mango,Mango,1.0
ADF0015,2128,70.93333333,364.0,43.38,71.25,2743.7519,33,3880,12629,1,1,0,PQza,Mango,0.0
ADF0016,479,15.96666667,390.73,36.4,0.0,16974.7803,18,0,13934,1,0,0,Mango,Mango,1.0
ADF0017,348,11.6,404.60400000000004,54.81,17.5,198986.25100000002,44,2292,5135,1,1,1,Mango,Mango,1.0
ADF0018,1884,62.8,438.49,38.3,20.0,3461.6777,57,6657,13780,1,1,1,Zintel,Mango,0.0
ADF0019,642,21.4,453.05400000000003,42.95,11.25,59029.0938,65,5826,12797,1,0,0,PQza,Mango,0.0
ADF0020,150,5.0,454.63800000000003,1.75,83.75,842766.9658,6,0,1005,1,1,1,Mango,Mango,0.0
ADF0021,206,6.8666666670000005,455.07,0.0,137.5,64054568.84,12,0,2277,1,1,1,Weematel,Mango,0.0
ADF0022,174,5.8,457.6752,96.93,12.5,191.5703,114,708,22437,1,1,1,Uxaa,Mango,1.0
ADF0023,2783,92.76666667,459.8972,116.76,26.25,4065074.857,43,558,12040,3,1,1,Uxaa,Mango,1.0
ADF0024,2018,67.26666667,468.9204,7.17,3.75,7.4394,108,1854,29087,1,1,1,Mango,Mango,0.0
ADF0025,936,31.2,493.126,32.29,26.25,6733.9004,52,12,20042,1,0,0,Mango,Mango,0.0
ADF0026,2150,71.66666667,501.036,34.87,0.0,2568.8027,68,2862,18731,1,2,2,Uxaa,Mango,0.0
ADF0027,1006,33.53333333,502.356,16.09,7.5,274.9902,131,750,30688,1,1,1,ToCall,Mango,0.0
ADF0028,105,3.5,508.5808,7.73,16.25,35765.9854,67,120,17324,1,3,1,ToCall,Mango,0.0
ADF0029,233,7.766666667000001,509.2452,36.21,15.0,674.5069,145,4392,31497,1,2,2,ToCall,Mango,0.0
ADF0030,1251,41.7,514.884,45.88,3.75,6.0098,174,708,38807,1,0,0,Zintel,Mango,1.0
ADF0031,114,3.8,532.026,1.75,46.25,4378.7695,131,11100,30285,1,1,1,ToCall,Mango,0.0
ADF0032,3325,110.83333329999999,532.53,15.92,12.5,446.7168,54,2385,22504,1,1,1,PQza,Mango,0.0
ADF0033,1506,50.2,561.7784,14.34,2.5,1.8096,133,3468,41004,1,0,0,Mango,Mango,0.0
ADF0034,1333,44.43333333,563.508,7.17,88.75,1071114.4209999999,46,0,358,2,3,3,Uxaa,Mango,0.0
ADF0035,3188,106.26666670000002,580.604,77.05,3.75,45.5146,108,3523,28880,1,2,2,Uxaa,Mango,1.0
ADF0036,2169,72.3,588.8,10.76,61.25,1066516.375,81,980,537,1,3,3,Uxaa,Mango,1.0
ADF0037,2357,78.56666667,601.7,115.96,107.5,26682.8545,21,0,5171,1,1,1,Zintel,Mango,1.0
ADF0139,1366,45.53333333,1313.81,21.4,6.25,17225.3789,253,3060,72309,1,2,2,ToCall,PQza,0.0
ADF0140,406,13.53333333,1343.254,45.41,72.5,54648012.48,22,0,3568,1,1,3,PQza,PQza,1.0
ADF0141,1569,52.3,1431.2,20.12,0.0,27022.0039,176,22714,61526,2,1,1,ToCall,PQza,0.0
ADF0142,2582,86.06666667,1509.2584,36.02,500.0,2090914.2130000002,69,2334,12636,2,1,0,Mango,PQza,0.0
ADF0143,4151,138.3666667,1545.0036,6.13,50.0,266792.7255,757,1494,50692,2,1,1,Zintel,PQza,1.0
ADF0144,2009,66.96666667,1612.4152,33.25,356.25,3120661.275,27,3131,12498,1,1,1,Mango,PQza,1.0
ADF0145,1429,47.63333333,1665.54,0.12,105.0,10967190.07,702,24,358,2,1,1,ToCall,PQza,1.0
ADF0146,3610,120.33333329999999,1786.06,1.75,65.0,24044071.8,6,36,537,1,1,1,PQza,PQza,1.0
ADF0147,228,7.6,1929.63,93.48,281.25,3338216.653,418,0,16489,4,1,1,ToCall,PQza,0.0
ADF0148,419,13.96666667,1960.306,8.75,435.0,68063420.29,84,5235,20364,1,1,3,Mango,PQza,1.0
ADF0149,2028,67.6,227.582,45.88,6.25,24.4424,21,2916,5042,1,0,0,PQza,PQza,1.0
ADF0150,1404,46.8,238.97,29.45,2.5,24.0059,17,1757,3800,1,0,0,PQza,PQza,0.0
ADF0151,1382,46.06666667,239.976,53.54,1.25,37671.6074,24,954,6106,1,0,0,ToCall,PQza,0.0
ADF0152,1209,40.3,242.12,40.56,30.0,278404.7305,7,36,472,1,1,3,PQza,PQza,1.0
ADF0153,2820,94.0,242.17,80.66,26.25,858.5508,20,2862,4493,1,1,1,PQza,PQza,1.0
ADF0154,2420,80.66666667,243.93,26.08,13.75,184331.4824,29,3705,6082,1,1,1,Weematel,PQza,1.0
ADF0155,198,6.6,244.71,73.2,2.5,38.9355,52,0,8628,1,3,3,ToCall,PQza,0.0
ADF0156,106,3.5333333330000003,245.25599999999997,107.35,12.5,115584.9189,11,0,1949,2,3,1,PQza,PQza,0.0
ADF0157,2099,69.96666667,248.018,2.63,160.0,15887661.71,10,444,1434,2,1,1,Mango,PQza,0.0
ADF0158,1144,38.13333333,248.49,21.51,6.25,179.457,17,323,4373,1,1,1,Uxaa,PQza,1.0
ADF0159,1588,52.93333333,250.41,43.32,0.0,2981.0566,42,288,13143,1,2,2,PQza,PQza,0.0
ADF0160,122,4.066666667,251.4,0.0,10.0,632.2334,7,0,897,1,0,0,PQza,PQza,1.0
ADF0161,2082,69.4,253.5488,0.0,22.5,14139290.29,86,216,14545,2,0,0,PQza,PQza,1.0
ADF0162,924,30.8,254.144,43.58,16.25,832.0,42,990,7665,2,0,0,ToCall,PQza,1.0
ADF0163,343,11.43333333,254.3396,24.37,3.75,51044.1719,71,114,12691,1,0,0,Zintel,PQza,0.0
ADF0164,2429,80.96666667,254.78799999999998,54.97,63.75,267606.5508,20,1512,2382,1,2,2,Zintel,PQza,1.0
ADF0165,210,7.0,259.52,0.0,66.25,458411.914,10,0,1790,1,1,1,PQza,PQza,1.0
ADF0166,704,23.46666667,261.7312,7.17,3.75,130.0391,17,36,5884,2,2,2,PQza,PQza,1.0
ADF0167,168,5.6,263.95,60.83,6.25,539.415,47,1548,4927,2,3,3,PQza,PQza,1.0
ADF0168,591,19.7,267.1864,7.61,28.75,33536321.8,1,0,179,1,0,1,PQza,PQza,1.0
ADF0169,488,16.26666667,271.7008,101.96,60.0,1707.5136,22,36,5676,1,1,1,Uxaa,PQza,0.0
ADF0170,449,14.96666667,272.12,20.46,6.25,441698.3447,18,0,2646,1,1,1,PQza,PQza,1.0
ADF0171,137,4.566666667,276.21,0.0,56.25,4723.917,48,6648,11640,1,0,0,PQza,PQza,0.0
ADF0172,628,20.93333333,276.82,29.38,1.25,0.1211,42,4097,669,1,0,0,Uxaa,PQza,0.0
ADF0173,988,32.93333333,280.828,0.0,65.0,435771.8584,5,490,1338,2,1,1,PQza,PQza,1.0
ADF0174,165,5.5,282.89799999999997,16.74,36.25,135136.9355,23,36,4000,1,1,1,Zintel,PQza,1.0
ADF0175,107,3.566666667,284.126,11.37,30.0,1855812.4740000002,20,240,1591,1,1,3,PQza,PQza,1.0
ADF0176,175,5.833333333,286.5,0.0,66.25,16152499.42,4,0,657,1,1,1,PQza,PQza,0.0
ADF0177,127,4.233333333,290.3704,0.0,103.75,15494980.65,16,0,4424,1,1,1,PQza,PQza,0.0
ADF0178,435,14.5,293.318,3.5,36.25,11399.0039,17,2307,860,2,0,0,PQza,PQza,1.0
ADF0179,1867,62.23333333,294.344,20.32,7.5,689476.9512,19,3012,3286,1,2,2,PQza,PQza,1.0
ADF0180,2769,92.3,300.5156,71.19,0.0,1258.0498,35,318,12491,1,1,1,Weematel,PQza,1.0
ADF0181,1717,57.23333333,307.322,164.83,7.5,384.0,29,0,5940,1,1,1,PQza,PQza,1.0
ADF0182,1424,47.46666667,311.2624,21.47,0.0,67895.9561,17,1491,2290,1,2,2,PQza,PQza,0.0
ADF0183,1209,40.3,311.306,2.62,88.75,352675.4297,27,180,2806,2,0,0,Mango,PQza,0.0
ADF0184,1361,45.36666667,312.378,10.43,123.75,2405666.735,15,96,2511,1,1,1,Zintel,PQza,0.0
ADF0185,138,4.6,315.0044,0.0,201.25,1813914.3159999999,19,0,3587,2,1,1,PQza,PQza,0.0
ADF0186,204,6.8,316.04,18.48,30.0,10995622.09,11,24,2093,1,0,0,Mango,PQza,1.0
ADF0187,1574,52.46666667,325.4172,39.35,5.0,485815.1338,22,2376,2761,1,1,1,Weematel,PQza,0.0
ADF0188,209,6.966666667,326.38,38.6,30.0,11455.9649,68,1200,14008,1,1,1,Mango,PQza,1.0
ADF0189,1792,59.73333333,332.1136,82.68,77.5,51063.2988,23,3956,2280,3,2,2,PQza,PQza,1.0
ADF0190,2410,80.33333333,334.02,29.15,0.0,19462.2813,69,654,15829,1,1,3,Mango,PQza,1.0
ADF0191,122,4.066666667,344.1564,0.0,35.0,81718.4775,43,26316,1976,4,0,0,PQza,PQza,0.0
ADF0192,1956,65.2,345.8304,16.34,77.5,819375.4004,18,48,4626,1,2,2,Zintel,PQza,0.0
ADF0193,160,5.333333333,348.97,0.0,3.75,5739745.5479999995,7,12,938,1,1,1,Uxaa,PQza,1.0
ADF0194,1384,46.13333333,356.3684,43.72,76.25,30493.4921,33,4506,7166,1,1,0,Uxaa,PQza,1.0
ADF0195,419,13.96666667,360.962,35.9,80.0,513430.5283,19,605,2765,1,1,1,Zintel,PQza,1.0
ADF0196,545,18.16666667,361.586,16.05,16.25,394703.3926,47,1077,6107,1,0,0,PQza,PQza,0.0
ADF0197,347,11.56666667,361.978,15.8,61.25,3570486.309,10,840,1274,1,0,0,ToCall,PQza,0.0
ADF0198,1333,44.43333333,365.116,23.9,1.25,86.8809,89,9288,18764,1,3,1,Weematel,PQza,0.0
ADF0199,586,19.53333333,377.01800000000003,86.78,62.5,311391.1025,19,228,3329,1,1,1,PQza,PQza,0.0
ADF0200,413,13.76666667,381.338,13.7,148.75,163079.6973,5,502,370,1,1,1,Uxaa,PQza,0.0
ADF0201,803,26.76666667,382.11199999999997,7.0,121.25,872477.3057,14,131,2398,1,1,1,PQza,PQza,0.0
ADF0202,356,11.86666667,382.48,49.73,2.5,28582.9336,7,0,1541,1,0,0,PQza,PQza,1.0
ADF0203,346,11.53333333,382.6652,18.94,130.0,606623.7168,21,516,1981,1,0,0,PQza,PQza,0.0
ADF0204,1414,47.13333333,388.07199999999995,10.03,22.5,899.8955,34,2910,9416,1,1,1,ToCall,PQza,1.0
ADF0205,595,19.83333333,392.79,43.15,125.0,803877.7187,15,3258,1540,1,0,0,Uxaa,PQza,1.0
ADF0206,958,31.93333333,393.7128,23.9,0.0,64.0,84,2964,26938,1,2,2,0,PQza,0.0
ADF0207,120,4.0,398.346,0.0,72.5,5164384.34,25,12,4373,1,1,1,Uxaa,PQza,0.0
ADF0208,1121,37.36666667,399.98,44.77,0.0,1.3672,124,3842,1159,1,2,2,PQza,PQza,1.0
ADF0209,379,12.63333333,403.02,35.88,162.5,1058399.876,174,2500,8167,2,3,3,PQza,PQza,1.0
ADF0210,3459,115.3,404.86,36.65,78.75,103838.3018,76,4974,5901,1,0,0,PQza,PQza,0.0
ADF0211,944,31.46666667,411.5724,22.85,0.0,8644.9922,212,4894,8263,1,0,0,Zintel,PQza,0.0
ADF0212,119,3.9666666669999997,417.832,1.75,108.75,582044.8291,4,120,537,3,3,1,Uxaa,PQza,0.0
ADF0213,1316,43.86666667,418.5664,162.78,2.5,54.8457,50,1494,12441,1,0,0,Zintel,PQza,0.0
ADF0214,118,3.933333333,419.2508,28.58,81.25,77806.3388,37,0,8024,1,2,2,ToCall,PQza,0.0
ADF0215,2775,92.5,430.2,27.87,10.0,5289.7324,88,4284,18893,3,1,1,PQza,PQza,1.0
ADF0216,172,5.733333332999999,442.2904,0.01,248.75,4173532.369,9,0,1375,1,3,1,Mango,PQza,1.0
ADF0217,544,18.13333333,447.5504,25.57,188.75,264788.0518,6,114,765,1,1,1,PQza,PQza,0.0
ADF0218,101,3.366666667,452.31,40.25,51.25,76293.3242,13,3060,1603,2,0,1,Zintel,PQza,0.0
ADF0219,330,11.0,454.3128,47.14,53.75,212.2656,11,0,4144,1,2,2,Zintel,PQza,1.0
ADF0220,2347,78.23333333,465.7484,33.26,50.0,633833.6787,32,7129,3289,1,1,1,Uxaa,PQza,1.0
ADF0221,3978,132.6,466.4056,11.31,126.25,773825.3633,10,0,1862,1,1,1,PQza,PQza,1.0
ADF0222,1103,36.76666667,468.98,61.33,51.25,453745.4395,14,131,2327,4,1,1,PQza,PQza,0.0
ADF0223,228,7.6,473.6044,12.78,0.0,529965.1299,106,216,1630,1,0,0,PQza,PQza,0.0
ADF0224,1758,58.6,478.566,14.31,85.0,514032.2305,51,1056,5955,1,0,0,PQza,PQza,0.0
ADF0225,224,7.466666667,482.01800000000003,0.0,236.25,14001033.68,7,0,1253,1,1,1,PQza,PQza,1.0
ADF0226,145,4.833333333,488.158,5.25,101.25,32016301.44,17,0,3033,1,1,1,Weematel,PQza,0.0
ADF0227,2233,74.43333333,492.6008,23.09,15.0,1464487.2519999999,41,3286,12282,1,1,1,Weematel,PQza,1.0
ADF0228,145,4.833333333,496.666,45.52,232.5,194053.3457,11,828,895,1,0,0,Uxaa,PQza,0.0
ADF0229,469,15.63333333,497.63199999999995,43.03,3.75,2.6367,123,11724,17042,1,0,0,ToCall,PQza,1.0
ADF0230,1064,35.46666667,503.31,23.19,12.5,587881.6592,25,1024,4276,1,2,2,PQza,PQza,1.0
ADF0231,3457,115.23333329999998,515.7852,20.03,133.75,484236.749,11,24,1685,1,2,2,PQza,PQza,1.0
ADF0232,212,7.066666667000001,520.498,73.08,30.0,360623.5371,142,840,16232,1,1,1,Weematel,PQza,1.0
ADF0233,130,4.333333333,527.61,9.3,3.75,25.6025,39,8844,32959,1,3,3,ToCall,PQza,0.0
ADF0234,1023,34.1,528.6964,47.16,0.0,805.084,96,11309,23293,3,0,0,Weematel,PQza,0.0
ADF0235,106,3.5333333330000003,529.33,45.5,53.75,55103.333,109,3756,17652,1,3,3,PQza,PQza,0.0
ADF0236,595,19.83333333,538.8580000000001,0.0,70.0,14902271.69,6,24,753,2,1,1,Weematel,PQza,0.0
ADF0237,507,16.9,539.288,16.73,0.0,42944.3076,212,3705,920,1,2,2,PQza,PQza,1.0
ADF0238,4855,161.83333330000002,550.96,7.0,0.0,29927.999,233,1284,6281,1,0,0,Uxaa,PQza,0.0
ADF0239,680,22.66666667,551.2116,60.48,22.5,264810.6015,52,96,10451,1,2,2,Uxaa,PQza,1.0
ADF0240,3517,117.23333329999998,552.754,3.24,22.32,545011.997,10,179,9563,2,0,0,PQza,PQza,1.0
ADF0241,445,14.83333333,553.47,33.85,32.5,115799.9854,375,822,892,1,1,1,Zintel,PQza,1.0
ADF0242,884,29.46666667,570.3384,38.24,2.5,79.0713,154,4365,27494,1,0,0,Zintel,PQza,1.0
ADF0243,710,23.66666667,576.2244,19.18,22.0,135342.2959,227,1092,14839,1,0,0,PQza,PQza,0.0
ADF0244,1345,44.83333333,578.13,32.33,116.75,245928.7442,37,1092,4889,1,1,3,Mango,PQza,1.0
ADF0245,1675,55.83333333,579.7812,25.16,17.5,274330.2383,48,6753,6346,1,1,1,ToCall,PQza,1.0
ADF0246,4121,137.3666667,584.6,0.0,65.0,353999.3867,69,6630,23142,1,1,1,Uxaa,PQza,0.0
ADF0247,411,13.7,585.64,24.5,47.5,11288172.96,45,1566,3676,1,1,1,PQza,PQza,1.0
ADF0248,1196,39.86666667,585.89,34.59,218.75,472293.376,25,1830,2650,2,0,0,Zintel,PQza,0.0
ADF0249,906,30.2,589.12,64.09,16.25,924490.5791,164,1167,3501,1,1,1,Mango,PQza,0.0
ADF0250,1754,58.46666667,590.0068,28.51,17.5,645.0088,67,3980,27917,1,0,0,Zintel,PQza,0.0
ADF0251,224,7.466666667,597.648,11.95,32.5,715187.5059,24,1434,2387,1,3,3,PQza,PQza,1.0
ADF0252,224,7.466666667,599.6892,38.84,8.75,693812.3477,299,4668,4619,5,1,1,Weematel,PQza,1.0
ADF0253,1160,38.66666667,603.59,17.21,23.75,2040654.4630000002,64,144,20668,1,1,1,ToCall,PQza,0.0
ADF0562,3661,122.03333329999998,1285.72,36.23,61.25,1709812.9730000002,55,2101,5555,1,2,2,PQza,ToCall,1.0
ADF0563,2890,96.33333333,1288.52,5.98,115.0,880049.6084,69,622,1995,1,1,1,0,ToCall,1.0
ADF0564,248,8.266666667,1386.9816,75.24,33.75,421687.4766,238,4152,57299,1,0,0,Mango,ToCall,0.0
ADF0565,1589,52.96666667,2283.97,149.5,72.5,12941401.86,232,3370,179,2,1,1,Zintel,ToCall,0.0
ADF0566,1513,50.43333333,2527.9872,22.18,256.25,3280593.825,222,18646,71141,3,1,1,PQza,ToCall,1.0
ADF0567,1879,62.63333333,225.9328,25.65,1.25,23.2354,40,12,13947,1,3,3,PQza,ToCall,1.0
ADF0568,221,7.3666666670000005,230.00799999999998,40.35,1.25,47568.4531,35,228,7902,1,1,1,Weematel,ToCall,1.0
ADF0569,2413,80.43333333,275.13,20.87,2.5,123.3301,51,972,9991,1,1,1,Mango,ToCall,0.0
ADF0570,3504,116.8,299.57,5.38,27.5,444258.4561,27,954,7231,1,0,0,ToCall,ToCall,1.0
ADF0571,115,3.833333333,357.0,13.53,0.0,36947.2373,68,4644,1747,2,0,1,Uxaa,ToCall,0.0
ADF0572,2236,74.53333333,380.7112,15.91,0.0,30.541,61,1482,18465,1,1,1,ToCall,ToCall,0.0
ADF0573,1752,58.4,393.5116,47.66,3.75,6.5352,44,502,17006,1,3,3,Mango,ToCall,1.0
ADF0574,1370,45.66666667,394.6204,29.28,0.0,1853.6602,101,837,25087,1,0,0,Uxaa,ToCall,0.0
ADF0575,171,5.7,403.45,48.12,127.5,1913185.035,24,240,3603,1,3,3,ToCall,ToCall,1.0
ADF0576,504,16.8,442.8664,17.84,156.25,114293.58099999999,40,162,8172,1,3,3,ToCall,ToCall,0.0
ADF0577,324,10.8,457.972,20.24,18.75,767.2188,72,6394,24345,1,1,1,PQza,ToCall,1.0
ADF0578,197,6.566666667000001,488.28,110.27,11.25,42615.9326,35,720,2652,1,1,1,Uxaa,ToCall,0.0
ADF0579,1452,48.4,515.2484,11.14,26.25,2381.3155,69,0,19300,1,0,0,ToCall,ToCall,0.0
ADF0644,636,21.2,1281.6892,46.45,53.75,26519180.36,29,3495,1611,1,1,1,Uxaa,Uxaa,1.0
ADF0645,4870,162.33333330000002,1283.8368,9.62,27.5,1469047.9,468,2808,13915,5,1,1,Zintel,Uxaa,0.0
ADF0646,2009,66.96666667,1293.47,18.44,3.75,62.6748,212,49932,30048,1,1,1,Weematel,Uxaa,0.0
ADF0647,139,4.633333333,1294.1368,446.55,65.0,457645.7227,255,12216,8148,2,0,0,Mango,Uxaa,0.0
ADF0648,173,5.766666667000001,1300.67,50.23,3.75,1388410.418,283,0,13031,1,1,1,PQza,Uxaa,0.0
ADF0649,2499,83.3,1303.5856,28.0,78.75,3494.2705,240,52215,14089,1,0,0,Zintel,Uxaa,0.0
ADF0650,3860,128.6666667,1304.442,93.01,0.0,1149525.693,162,1004,18283,1,1,1,Uxaa,Uxaa,1.0
ADF0651,2273,75.76666667,1305.6124,0.0,82.5,6197539.493,132,954,371,2,1,1,Mango,Uxaa,1.0
ADF0652,2691,89.7,1310.2728,36.75,0.0,4909702.271000001,364,8111,65351,2,1,1,0,Uxaa,1.0
ADF0653,2741,91.36666667,1310.8968,21.86,1.25,54.9502,843,11124,18160,8,0,0,Weematel,Uxaa,1.0
ADF0654,2585,86.16666667,1313.1,0.0,0.0,3340274.291,456,0,0,1,1,1,Weematel,Uxaa,0.0
ADF0655,2707,90.23333333,1313.1,0.0,0.0,3367450.12,1861,0,0,2,2,2,Uxaa,Uxaa,0.0
ADF0656,4192,139.7333333,1313.1,0.0,0.0,1895829.15,443,0,0,1,1,1,PQza,Uxaa,0.0
ADF0657,4222,140.7333333,1313.1,0.0,0.0,2174469.22,293,0,0,6,1,1,ToCall,Uxaa,0.0
ADF0658,3482,116.06666670000001,1313.1,0.0,0.0,10409369.54,562,0,0,4,1,1,Uxaa,Uxaa,0.0
ADF0659,2139,71.3,1319.4,1.75,91.25,3223359.4469999997,120,36453,3872,1,1,1,PQza,Uxaa,1.0
ADF0660,5363,178.7666667,1321.3504,0.0,0.0,637.3896,1514,239,0,1,2,2,PQza,Uxaa,0.0
ADF0661,959,31.96666667,1324.2884,1.8,48.75,132049.9375,217,21527,1960,3,1,1,PQza,Uxaa,1.0
ADF0662,507,16.9,1325.15,53.18,167.86,150254.2959,121,8981,54807,1,1,1,PQza,Uxaa,0.0
ADF0663,3877,129.2333333,1332.886,9.48,3.75,346760.1201,273,6694,47457,3,0,1,ToCall,Uxaa,0.0
ADF0664,1796,59.86666667,1334.0136,37.66,100.0,23845302.0,217,36228,23613,1,2,2,ToCall,Uxaa,1.0
ADF0665,485,16.16666667,1336.6664,4.32,93.62,2484466.32,464,22188,6034,1,3,3,PQza,Uxaa,1.0
ADF0666,1777,59.23333333,1337.31,0.6,0.0,2924192.745,866,0,39793,1,1,1,Weematel,Uxaa,0.0
ADF0667,4233,141.1,1340.2544,78.03,72.5,11694.8086,186,29388,59376,1,1,1,Weematel,Uxaa,1.0
ADF0668,2434,81.13333333,1342.34,0.0,0.0,64281.1152,388,0,179,2,2,2,Mango,Uxaa,1.0
ADF0669,1972,65.73333333,1344.44,15.35,0.0,2156924.857,770,12198,12700,2,0,1,Zintel,Uxaa,1.0
ADF0670,512,17.06666667,1348.48,5.98,0.0,3410175.2989999996,1634,0,179,2,1,1,Zintel,Uxaa,0.0
ADF0671,609,20.3,1348.892,40.86,1.25,959103.6416,145,12510,43386,1,1,1,ToCall,Uxaa,1.0
ADF0672,152,5.066666667,1349.06,0.0,3.75,936196.6514,721,912,814,2,1,1,ToCall,Uxaa,0.0
ADF0673,149,4.966666667,1351.0156,40.25,52.5,14157.3994,534,45201,23472,3,1,1,Zintel,Uxaa,1.0
ADF0674,3077,102.5666667,1355.9676,8.75,157.5,3335808.418,75,5022,19195,2,2,2,Zintel,Uxaa,0.0
ADF0675,1418,47.26666667,1356.54,0.0,0.0,91485.7813,359,0,20434,1,1,1,Uxaa,Uxaa,1.0
ADF0676,2692,89.73333333,1356.89,2.39,17.5,2783104.54,642,0,716,2,1,1,Mango,Uxaa,0.0
ADF0677,1717,57.23333333,1359.412,3.5,243.75,1096163.608,117,20988,30081,1,1,1,0,Uxaa,0.0
ADF0678,1396,46.53333333,1359.4716,2.4,386.25,2107391.6890000002,555,0,895,3,1,1,Weematel,Uxaa,1.0
ADF0679,4158,138.6,1360.42,0.0,0.0,62424.3115,401,0,3346,1,1,1,Uxaa,Uxaa,1.0
ADF0680,3547,118.23333329999998,1360.55,9.58,0.0,2791.5049,836,0,0,1,2,2,PQza,Uxaa,1.0
ADF0681,4635,154.5,1361.4779999999998,5.89,22.5,155031212.8,31,156,7726,1,1,1,Mango,Uxaa,1.0
ADF0682,192,6.4,1363.0804,1.75,97.5,8960971.321,281,1704,2835,2,1,1,Mango,Uxaa,1.0
ADF0683,954,31.8,1363.9172,21.1,60.14,2078796.0359999998,357,1217,0,1,1,1,Uxaa,Uxaa,1.0
ADF0684,1080,36.0,1370.3732,8.64,83.39,1475066.4640000002,149,35907,2600,1,1,1,Uxaa,Uxaa,0.0
ADF0685,256,8.533333333,1370.7,10.54,46.25,477936.3838,640,2886,3268,2,1,1,PQza,Uxaa,0.0
ADF0686,963,32.1,1371.1004,126.27,46.25,1642929.457,470,1182,32533,1,1,1,ToCall,Uxaa,0.0
ADF0687,1420,47.33333333,1377.9204,21.0,45.0,1004668.2309999999,275,323,10361,1,1,1,Zintel,Uxaa,1.0
ADF0688,1392,46.4,1379.0908,0.0,203.75,3636022.0710000005,68,1650,2092,2,1,1,Uxaa,Uxaa,1.0
ADF0689,147,4.9,1379.5908,293.14,143.75,1495256.854,67,5316,10186,2,1,1,Weematel,Uxaa,0.0
ADF0690,851,28.36666667,1383.39,0.0,72.5,109849583.7,403,0,537,4,1,1,Mango,Uxaa,1.0
ADF0691,167,5.566666667000001,1386.336,167.44,1.25,685523.2597,344,0,1151,1,3,3,Uxaa,Uxaa,1.0
ADF0692,144,4.8,1392.158,28.86,3.75,88965.5684,999,11404,30241,1,1,3,Zintel,Uxaa,1.0
ADF0693,3326,110.86666670000001,1396.7108,0.0,48.75,3405497.508,855,0,358,4,2,2,Zintel,Uxaa,1.0
ADF0694,3324,110.8,1397.63,26.98,1.25,726691.2451,289,0,716,6,1,1,Uxaa,Uxaa,0.0
ADF0695,679,22.63333333,1401.1316,1.98,27.5,67.8037,932,38472,8627,2,2,2,Weematel,Uxaa,1.0
ADF0696,1482,49.4,1402.31,0.0,116.25,10793566.93,393,8838,10434,1,2,2,ToCall,Uxaa,1.0
ADF0697,1685,56.16666667,1405.71,5.98,1.25,1590797.961,292,0,716,2,1,1,PQza,Uxaa,0.0
ADF0698,2921,97.36666667,1406.726,9.62,60.0,38053199.62,393,4401,25720,1,3,3,Mango,Uxaa,0.0
ADF0699,322,10.73333333,1410.27,26.9,13.75,359203.6875,671,0,537,2,1,1,Zintel,Uxaa,1.0
ADF0700,210,7.0,1413.38,7.0,12.5,37982304.31,120,1518,18050,1,3,1,Uxaa,Uxaa,1.0
ADF0701,1089,36.3,1420.52,2.36,63.75,11506415.47,535,598,7989,3,1,1,PQza,Uxaa,1.0
ADF0702,5356,178.5333333,1424.17,105.77,192.5,90541.0771,52,17843,6083,1,1,1,ToCall,Uxaa,0.0
ADF0703,128,4.266666667,1440.88,0.0,0.0,1944.8018,443,0,5147,2,3,3,Zintel,Uxaa,1.0
ADF0704,2674,89.13333333,1444.38,11.37,298.75,1438707.392,72,12680,29554,1,1,1,Weematel,Uxaa,0.0
ADF0705,1231,41.03333333,1447.6688,7.88,253.75,10585665.99,312,46590,26259,3,1,1,ToCall,Uxaa,1.0
ADF0706,3882,129.4,1448.37,35.44,76.25,1906632.362,1009,0,358,2,1,1,Mango,Uxaa,0.0
ADF0707,1351,45.03333333,1448.5,174.1,101.25,1010556.2209999999,255,2737,1887,1,2,2,Weematel,Uxaa,0.0
ADF0708,1332,44.4,1449.67,34.71,22.5,1136535.712,423,15568,7470,1,1,1,Weematel,Uxaa,0.0
ADF0709,3901,130.03333329999998,1452.7456,19.57,155.0,1629975.602,667,12754,12190,6,1,1,Mango,Uxaa,1.0
ADF0710,3566,118.86666670000001,1454.096,15.75,27.5,73060.8311,603,15687,9823,1,0,0,Weematel,Uxaa,1.0
ADF0711,2256,75.2,1455.496,1.75,0.0,59442.083,654,287,2747,10,2,2,Zintel,Uxaa,1.0
ADF0712,2106,70.2,1458.39,5.98,0.0,1086.1651,1025,0,2629,3,0,0,Weematel,Uxaa,1.0
ADF0713,3978,132.6,1458.5739999999998,0.0,0.0,6921.6201,1111,0,16146,1,1,1,Mango,Uxaa,0.0
ADF0714,1686,56.2,1460.28,14.34,1.25,312416.3614,503,4565,19526,1,1,1,Uxaa,Uxaa,0.0
ADF0715,1192,39.73333333,1464.32,41.79,191.25,57834827.73,25,1522,2764,1,1,1,ToCall,Uxaa,1.0
ADF0716,3962,132.0666667,1465.878,21.44,92.5,2826443.068,629,1195,1134,1,1,1,Weematel,Uxaa,1.0
ADF0717,1994,66.46666667,1470.1992,3.59,1.25,11.3418,634,13426,13511,2,2,2,PQza,Uxaa,0.0
ADF0718,1310,43.66666667,1471.3912,21.49,17.5,768.3096,413,37134,24971,1,3,3,Mango,Uxaa,0.0
ADF0719,1139,37.96666667,1471.818,4.97,0.0,313391.7676,709,3788,21316,3,1,1,PQza,Uxaa,1.0
ADF0720,3705,123.5,1471.918,68.25,203.75,12750606.7,96,1652,15118,3,1,1,Uxaa,Uxaa,1.0
ADF0721,3677,122.56666670000001,1478.41,1.75,83.75,1052189.727,303,64107,4626,1,1,1,Uxaa,Uxaa,0.0
ADF0722,480,16.0,1484.88,11.95,3.75,834886.3204,762,0,7167,1,1,1,Weematel,Uxaa,1.0
ADF0723,2598,86.6,1485.48,144.97,126.25,1556823.368,204,3048,1108,2,1,1,Weematel,Uxaa,1.0
ADF0724,1152,38.4,1491.8764,5.99,7.5,34371114.51,568,2436,19031,1,1,1,Mango,Uxaa,0.0
ADF0725,2231,74.36666667,1492.8964,11.37,8.75,662074.3535,376,3378,46237,1,3,3,Mango,Uxaa,0.0
ADF0726,4813,160.43333330000002,1493.36,3.5,60.0,3193016.063,670,2280,1736,1,1,1,ToCall,Uxaa,1.0
ADF0727,1202,40.06666667,1494.596,8.75,0.0,896486.1006,398,6069,25415,2,1,1,Uxaa,Uxaa,0.0
ADF0728,1523,50.76666667,1495.5104,51.62,67.5,695944.6221,639,7500,3298,1,1,1,PQza,Uxaa,0.0
ADF0729,1464,48.8,1498.32,1.75,267.5,13010665.91,211,4368,3602,1,1,3,Zintel,Uxaa,0.0
ADF0730,3887,129.5666667,1503.474,10.76,5.0,1420001.1519999998,993,4364,6285,3,2,2,ToCall,Uxaa,1.0
ADF0731,143,4.766666667,1505.19,0.0,22.5,315423.7041,372,0,14567,1,1,1,ToCall,Uxaa,0.0
ADF0732,629,20.96666667,1506.34,61.66,7.5,237319.0733,411,22809,30443,1,1,1,Zintel,Uxaa,0.0
ADF0733,151,5.033333333,1507.77,0.0,0.0,63.7432,524,2436,31296,1,1,1,ToCall,Uxaa,1.0
ADF0734,1564,52.13333333,1513.65,13.7,172.5,15350682.25,516,0,9225,1,1,1,ToCall,Uxaa,1.0
ADF0735,2724,90.8,1524.6784,5.98,47.5,6814872.646000001,350,16712,40668,2,2,2,Zintel,Uxaa,0.0
ADF0736,2024,67.46666667,1525.724,19.49,23.75,10891950.07,217,16019,8100,1,1,1,Mango,Uxaa,1.0
ADF0737,102,3.4,1527.4212,0.0,0.0,5756.7803,174,116328,13740,2,0,0,Uxaa,Uxaa,0.0
ADF0738,3533,117.76666670000002,1531.48,5.25,1.25,914409.4199,376,0,10584,2,1,1,Uxaa,Uxaa,0.0
ADF0739,2299,76.63333333,1535.12,3.5,8.75,1389757.406,423,2259,2247,1,0,1,Weematel,Uxaa,1.0
ADF0740,1333,44.43333333,1537.79,15.33,15.0,1190562.436,153,16009,19147,2,1,1,Weematel,Uxaa,0.0
ADF0741,2696,89.86666667,1543.4276,10.5,1.25,2.6748,660,18530,8389,2,2,2,Zintel,Uxaa,0.0
ADF0742,1998,66.6,1546.5,105.87,383.75,3277169.367,151,15043,6452,8,1,1,Weematel,Uxaa,1.0
ADF0743,2353,78.43333333,1553.15,15.75,2.5,170736.8311,359,12224,7607,3,0,0,Uxaa,Uxaa,1.0
ADF0744,1882,62.73333333,1554.8,20.89,12.5,284257.0214,254,20453,39265,1,1,1,0,Uxaa,0.0
ADF0745,314,10.46666667,1562.18,4.15,21.25,1161910.131,690,262,15292,1,1,1,Mango,Uxaa,1.0
ADF0746,1424,47.46666667,1568.484,0.0,0.0,296.1758,419,0,44012,2,0,0,Mango,Uxaa,0.0
ADF0747,2004,66.8,1569.7088,73.36,80.0,2210434.411,525,0,14707,3,1,1,Zintel,Uxaa,0.0
ADF0748,146,4.866666667,1573.46,204.29,2.5,109153.8418,186,20352,24971,1,1,1,Zintel,Uxaa,0.0
ADF0749,133,4.433333333,1573.6468,0.0,340.0,41545929.26,131,1188,6488,1,1,1,PQza,Uxaa,0.0
ADF0750,2700,90.0,1574.79,0.0,210.0,2622898.699,464,250,1331,2,3,3,PQza,Uxaa,1.0
ADF0751,1410,47.0,1584.3,8.64,126.48,4922133.115,750,847,4323,1,0,0,Zintel,Uxaa,1.0
ADF0752,4010,133.6666667,1587.75,63.0,12.5,165584.5928,540,63046,33681,2,1,1,Zintel,Uxaa,0.0
ADF0753,2185,72.83333333,1588.04,17.94,0.0,546933.7715,1360,9840,12812,1,0,0,Uxaa,Uxaa,0.0
ADF0754,3299,109.96666670000002,1589.59,11.96,80.0,10155309.58,1096,2474,9583,1,1,1,Uxaa,Uxaa,0.0
ADF0755,1356,45.2,1591.7436,0.0,20.0,5544839.137,809,0,12425,2,1,1,Uxaa,Uxaa,0.0
ADF0756,2772,92.4,1592.8039999999999,29.46,47.5,283629.3047,354,23264,73117,2,1,1,Zintel,Uxaa,0.0
ADF0757,1370,45.66666667,1595.9604,7.17,0.0,55495.3438,762,13539,7673,2,0,0,Uxaa,Uxaa,0.0
ADF0758,4637,154.56666669999998,1600.4668,7.65,2.5,2426745.935,536,2044,5642,2,1,1,Mango,Uxaa,0.0
ADF0759,2440,81.33333333,1603.5504,94.78,221.25,366383.0537,304,17196,48921,1,1,1,Zintel,Uxaa,0.0
ADF0760,1085,36.16666667,1606.79,6.53,1.25,7829.7617,1184,2008,44787,1,1,1,ToCall,Uxaa,1.0
ADF0761,180,6.0,1619.2824,2.4,73.75,17193106.12,237,3210,38853,15,1,1,ToCall,Uxaa,0.0
ADF0762,4871,162.3666667,1622.86,9.48,103.75,363073.4345,734,0,19653,2,1,1,ToCall,Uxaa,0.0
ADF0763,1359,45.3,1626.0704,69.99,1.25,8793.0039,1264,24543,4670,5,2,2,Zintel,Uxaa,1.0
ADF0764,1964,65.46666667,1632.056,15.75,153.75,91843589.44,181,47928,20572,1,2,2,PQza,Uxaa,0.0
ADF0765,1127,37.56666667,1632.44,1.08,29.76,267366.5439,401,42734,33630,3,0,0,Zintel,Uxaa,0.0
ADF0766,983,32.76666667,1639.7928,0.0,75.0,13255209.34,336,0,3549,8,1,1,Zintel,Uxaa,1.0
ADF0767,1080,36.0,1641.14,19.06,20.0,292466.0869,758,67704,13346,3,3,3,Weematel,Uxaa,1.0
ADF0768,3831,127.7,1645.79,0.0,0.0,8851.4658,627,1685,14818,1,1,0,Zintel,Uxaa,0.0
ADF0769,377,12.56666667,1652.81,49.6,16.25,10149.8027,480,40452,53260,2,3,3,ToCall,Uxaa,0.0
ADF0770,137,4.566666667,1660.14,3.5,135.0,16966560.91,626,3312,956,2,1,1,Mango,Uxaa,0.0
ADF0771,131,4.366666667,1665.9360000000001,36.75,58.75,3492537.1760000004,205,672,11495,1,1,1,ToCall,Uxaa,0.0
ADF0772,2639,87.96666667,1667.5079999999998,58.72,123.75,180711.5362,351,21264,51902,1,2,2,Uxaa,Uxaa,0.0
ADF0773,2143,71.43333333,1673.1028,4.1,0.0,1379.2822,695,74820,35214,2,0,0,ToCall,Uxaa,1.0
ADF0774,132,4.4,1674.63,14.0,7.5,7.916,346,93336,3117,1,2,2,Uxaa,Uxaa,1.0
ADF0775,428,14.26666667,1678.02,77.86,42.5,38658.8877,111,14508,18750,2,1,1,0,Uxaa,
ADF0776,2073,69.1,1685.6364,0.0,273.75,12661924.37,568,0,3587,1,1,1,PQza,Uxaa,
ADF0777,4075,135.83333330000002,1689.97,14.34,0.0,1649440.935,1119,0,16969,2,1,1,Mango,Uxaa,
ADF0778,912,30.4,1699.4379999999999,37.5,6.25,69330.2549,143,9562,29554,1,2,2,Weematel,Uxaa,
ADF0779,4155,138.5,1700.83,11.71,9.3,2088104.6169999999,1271,35508,21085,9,1,1,PQza,Uxaa,
ADF0780,1375,45.83333333,1702.0,0.0,2.5,24.1104,215,43419,49419,2,0,0,Zintel,Uxaa,
ADF0781,1888,62.93333333,1706.1256,5.25,20.0,1639.4072,314,58550,73561,1,3,1,ToCall,Uxaa,
ADF0782,626,20.86666667,1716.832,12.97,55.0,538220.5918,759,6384,4589,1,1,1,Weematel,Uxaa,
ADF0783,145,4.833333333,1723.5444,12.98,128.75,1640686.959,273,42534,21686,4,1,0,ToCall,Uxaa,
ADF0784,1632,54.4,1733.5772,13.62,20.0,323027.2285,478,26207,55589,1,1,1,ToCall,Uxaa,
ADF0785,3497,116.56666670000001,1740.914,67.37,87.5,19453.8086,471,13390,28780,1,1,1,Zintel,Uxaa,
ADF0786,2501,83.36666667,1741.7756,34.2,0.0,125832.7148,479,23807,46099,13,1,1,Mango,Uxaa,
ADF0787,1552,51.73333333,1743.5520000000001,0.0,33.75,8259355.149,759,0,1938,1,1,1,ToCall,Uxaa,
ADF0788,4851,161.7,1747.67,102.31,18.75,3037882.7989999996,551,6570,19366,1,1,1,PQza,Uxaa,
ADF0789,1295,43.16666667,1758.2939999999999,64.19,81.25,24964670.83,331,12609,18226,2,3,3,PQza,Uxaa,
ADF0790,3722,124.06666670000001,1765.28,2.39,0.0,14048.8027,1096,2040,2194,2,2,2,Weematel,Uxaa,
ADF0791,3215,107.16666670000001,1774.4520000000002,31.86,146.25,31942608.58,120,5430,32602,2,1,1,0,Uxaa,
ADF0792,358,11.93333333,1788.5264,5.25,11.25,1511567.094,791,0,48461,1,1,1,PQza,Uxaa,
ADF0793,153,5.1,1790.9676,0.01,6.25,150658.71,829,2976,47542,1,2,2,Zintel,Uxaa,
ADF0794,2094,69.8,1791.2456,12.57,0.0,85700.3008,911,10735,48498,1,0,0,ToCall,Uxaa,
ADF0795,1669,55.63333333,1793.98,5.98,60.0,2890778.35,391,0,32193,4,1,1,Zintel,Uxaa,
ADF0796,890,29.66666667,1794.4620000000002,3.59,42.5,11150805.17,691,3168,31502,1,1,1,Uxaa,Uxaa,
ADF0797,2131,71.03333333,1798.49,60.1,0.0,703336.3213,760,16011,25750,1,1,1,Uxaa,Uxaa,
ADF0798,441,14.7,1804.4156,0.0,643.75,25808729.15,31,576,3376,2,0,0,Uxaa,Uxaa,
ADF0799,1772,59.06666667,1807.03,18.99,21.25,1609224.565,1012,1908,13709,1,1,1,Zintel,Uxaa,
ADF0800,869,28.96666667,1813.2088,50.76,40.61,2342002.626,422,15486,4496,1,1,1,Mango,Uxaa,
ADF0801,152,5.066666667,1824.8584,44.48,140.0,136700.5967,446,61572,9099,1,2,2,Mango,Uxaa,
ADF0802,4866,162.2,1839.6708,47.8,0.0,1016740.946,812,0,37282,1,1,1,Uxaa,Uxaa,
ADF0803,862,28.73333333,1845.578,8.75,21.25,697.9219,1208,29344,25788,3,1,1,PQza,Uxaa,
ADF0804,2033,67.76666667,1853.43,5.98,5.0,556725.6933,917,0,30831,5,1,1,Weematel,Uxaa,
ADF0805,1524,50.8,1861.86,21.74,0.0,1372374.3480000002,716,4080,70511,2,1,1,Mango,Uxaa,
ADF0806,571,19.03333333,1862.8139999999999,7.06,412.3,19747757.46,187,2788,18843,1,1,1,Mango,Uxaa,
ADF0807,272,9.066666667,1869.59,21.67,63.75,29724199.42,485,24084,21752,1,1,1,Uxaa,Uxaa,
ADF0808,142,4.733333333,1880.444,129.5,0.0,599.9326,587,82548,15283,3,0,0,Mango,Uxaa,
ADF0809,191,6.3666666670000005,1883.5379999999998,30.02,53.75,3586373.606,893,12444,30599,17,1,1,Uxaa,Uxaa,
ADF0810,279,9.3,1895.07,14.36,0.0,1403601.907,2376,0,83788,1,1,1,ToCall,Uxaa,
ADF0811,1091,36.36666667,1896.58,17.94,0.0,149935.7207,363,6105,54597,1,1,1,ToCall,Uxaa,
ADF0812,3263,108.76666670000002,1899.46,20.62,155.0,2258907.13,39,1117,7123,3,1,1,ToCall,Uxaa,
ADF0813,4190,139.66666669999998,1900.89,14.63,191.25,12871351.8,166,70596,6309,1,1,1,Mango,Uxaa,
ADF0814,2604,86.8,1916.8504,45.21,166.25,2889008.131,519,1590,32038,3,1,1,PQza,Uxaa,
ADF0815,846,28.2,1921.9724,20.12,10.0,509.0049,337,47161,72459,1,2,2,Uxaa,Uxaa,
ADF0816,207,6.9,1932.2579999999998,12.19,78.75,501453.1954,380,22656,17689,3,0,0,PQza,Uxaa,
ADF0817,2067,68.9,1939.4304,3.5,272.5,2910169.652,381,19001,8090,1,3,1,Uxaa,Uxaa,
ADF0818,458,15.26666667,1939.8908,11.96,0.0,240.0371,1209,14352,1826,1,2,2,Uxaa,Uxaa,
ADF0819,2178,72.6,1940.5,50.23,36.25,5588236.592999999,596,2106,19274,2,0,1,PQza,Uxaa,
ADF0820,1380,46.0,1954.03,76.61,7.5,711381.4424,369,12766,101488,2,3,3,Zintel,Uxaa,
ADF0821,2824,94.13333333,1957.5208,81.96,40.0,374.4248,1408,39775,16878,7,2,2,0,Uxaa,
ADF0822,2673,89.1,1961.1204,36.0,77.5,31469390.37,57,2155,6703,1,1,1,Weematel,Uxaa,
ADF0823,666,22.2,1966.34,12.94,188.75,8275915.011,29,9690,3770,1,1,1,Zintel,Uxaa,
ADF0824,1472,49.06666667,1977.9044,36.75,1.25,0.1211,3460,44234,22404,1,2,2,Uxaa,Uxaa,
ADF0825,2290,76.33333333,1992.6979999999999,31.5,73.75,906277.2929,179,47756,37452,2,1,1,PQza,Uxaa,
ADF0826,1439,47.96666667,1996.3692,1.2,17.5,2061880.552,906,0,56461,4,1,3,Mango,Uxaa,
ADF0827,554,18.46666667,2016.994,20.12,43.75,7126095.305,440,502,0,2,1,1,Mango,Uxaa,
ADF0828,5344,178.1333333,2018.578,37.7,66.65,26044.1192,921,12736,14745,3,1,1,Uxaa,Uxaa,
ADF0829,4083,136.1,2022.48,0.0,17.5,18146779.08,698,0,1611,1,1,1,PQza,Uxaa,
ADF0830,140,4.666666667,2031.84,37.62,5.0,55.3857,819,52632,56714,2,2,2,Mango,Uxaa,
ADF0831,622,20.73333333,2033.61,5.37,55.0,530713.8584,385,5884,44908,1,1,1,Uxaa,Uxaa,
ADF0832,4073,135.7666667,2040.1756,63.36,173.75,38867395.5,343,0,1851,1,1,1,Mango,Uxaa,
ADF0833,3878,129.2666667,2049.5724,68.82,140.0,776950.0147,341,22310,57112,2,1,0,Uxaa,Uxaa,
ADF0834,3463,115.43333329999999,2051.47,69.85,43.75,736371.3916,585,27896,40792,1,3,3,ToCall,Uxaa,
ADF0835,1361,45.36666667,2055.38,1.75,273.75,6817114.457,191,2310,41442,1,3,3,PQza,Uxaa,
ADF0836,5346,178.2,2065.94,0.0,142.5,3881919.986,618,3657,4301,1,1,1,Uxaa,Uxaa,
ADF0837,403,13.43333333,2070.9608,10.5,292.5,696838.8955,332,4934,8794,3,2,2,Weematel,Uxaa,
ADF0838,5349,178.3,2108.23,0.0,12.5,2725088.762,860,0,79510,2,1,1,Zintel,Uxaa,
ADF0839,601,20.03333333,2111.1020000000003,79.83,95.0,15783151.55,1432,22908,14367,3,3,3,Uxaa,Uxaa,
ADF0840,415,13.83333333,2126.8008,0.0,17.05,578459.4736,670,104691,34896,3,1,1,Uxaa,Uxaa,
ADF0841,3639,121.3,2152.38,0.6,7.5,40.3311,163,12359,41957,1,0,1,ToCall,Uxaa,
ADF0842,670,22.33333333,2155.47,47.84,118.75,5767166.408,415,0,537,2,1,1,Zintel,Uxaa,
ADF0843,2394,79.8,2160.4356,30.92,50.0,50343292.57,451,14547,47514,1,1,1,Weematel,Uxaa,
ADF0844,1775,59.16666667,2168.4692,38.68,5.0,2499114.184,815,11400,13539,3,1,1,Uxaa,Uxaa,
ADF0845,2865,95.5,2188.06,0.0,6.25,366022.9961,959,9082,62892,1,3,3,ToCall,Uxaa,
ADF0846,278,9.266666667,2202.8236,6.85,76.25,44187559.06,643,5136,77925,2,1,1,Zintel,Uxaa,
ADF0847,1249,41.63333333,2206.0492,0.0,41.25,5124299.415,1427,2868,13740,1,2,2,Mango,Uxaa,
ADF0848,1743,58.1,2220.4139999999998,90.84,20.0,36098.0088,1358,6998,31570,3,2,2,0,Uxaa,
ADF0849,2440,81.33333333,2227.55,85.4,43.75,1080063.578,788,8940,100236,2,1,1,Mango,Uxaa,
ADF0850,3509,116.96666670000002,2227.844,0.0,93.75,3219862.67,753,0,3644,2,0,0,Zintel,Uxaa,
ADF0851,421,14.03333333,2246.29,166.34,386.25,3563653.769,116,12570,20535,1,0,0,Mango,Uxaa,
ADF0852,2679,89.3,2253.51,5.25,57.5,2331874.917,1533,19551,42749,3,3,3,Zintel,Uxaa,
ADF0853,438,14.6,2255.28,11.36,195.0,5175334.586,284,4303,5100,1,1,1,ToCall,Uxaa,
ADF0854,414,13.8,2265.09,1.75,748.75,2313833.337,182,58788,19093,1,1,1,Zintel,Uxaa,
ADF0855,2362,78.73333333,2271.57,5.4,13.75,4422097.197,751,0,3710,2,1,1,PQza,Uxaa,
ADF0856,2037,67.9,2272.5,51.84,354.02,12452709.61,214,358,167,1,1,1,Weematel,Uxaa,
ADF0857,1621,54.03333333,2279.89,23.9,26.25,1650224.25,1410,0,1374,1,1,1,Zintel,Uxaa,
ADF0858,1591,53.03333333,2301.4179999999997,14.69,0.0,1024838.7540000001,647,46772,69418,1,3,1,Weematel,Uxaa,
ADF0859,1243,41.43333333,2313.6964,7.0,47.5,256917.9648,664,12462,96925,2,0,0,Uxaa,Uxaa,
ADF0860,139,4.633333333,2315.2292,19.25,52.5,267441.2813,636,50316,52400,2,0,0,ToCall,Uxaa,
ADF0861,1702,56.73333333,2318.38,7.73,0.0,71315.0557,299,251,179,2,1,1,Uxaa,Uxaa,
ADF0862,2141,71.36666667,2339.18,20.15,117.5,3733854.9110000003,1004,12894,53809,1,3,3,Mango,Uxaa,
ADF0863,1977,65.9,2341.4544,26.01,50.25,125704.6631,2172,17346,12770,1,2,2,Uxaa,Uxaa,
ADF0864,570,19.0,2388.8,7.73,33.75,19157236.63,11,1308,892,1,1,1,Uxaa,Uxaa,
ADF0865,3783,126.1,2398.22,12.25,23.75,51240.4912,725,24352,73034,1,3,3,Zintel,Uxaa,
ADF0866,4631,154.3666667,2402.2836,14.18,68.75,39447583.26,98,16591,14973,5,1,1,Weematel,Uxaa,
ADF0867,196,6.533333333,2443.14,567.38,17.5,885136.6631,777,0,52238,1,1,1,Weematel,Uxaa,
ADF0868,2346,78.2,2491.132,28.68,56.25,582.2647,217,35632,64030,1,0,0,Weematel,Uxaa,
ADF0869,1452,48.4,2506.39,14.36,76.25,3601110.3460000004,744,0,1015,1,1,1,Weematel,Uxaa,
ADF0870,2501,83.36666667,2517.6648,9.39,411.25,51514296.62,270,1428,51080,6,1,1,0,Uxaa,
ADF0871,4865,162.16666669999998,2528.67,77.72,10.0,1660324.604,541,0,42780,1,1,1,ToCall,Uxaa,
ADF0872,2399,79.96666667,2534.69,8.33,42.5,2379061.373,697,0,26230,3,1,1,0,Uxaa,
ADF0873,4061,135.3666667,2551.14,128.25,1.25,8157386.301,292,13854,6774,1,1,1,Zintel,Uxaa,
ADF0874,240,8.0,2580.3,29.04,62.5,1200063.02,939,2274,94118,2,1,1,Mango,Uxaa,
ADF0875,293,9.766666667,2586.7468,122.25,152.5,9208944.819,458,9612,63317,2,3,3,Zintel,Uxaa,
ADF0876,212,7.066666667000001,2609.28,117.86,0.0,395.582,841,27996,8520,1,0,0,Uxaa,Uxaa,
ADF0877,1622,54.06666667,2609.8708,102.13,26.25,14549139.28,537,6862,26891,2,2,2,Zintel,Uxaa,
ADF0878,1427,47.56666667,2621.68,0.0,167.5,487505.8535,616,0,37351,1,1,1,PQza,Uxaa,
ADF0879,4869,162.3,2626.2,0.0,0.0,1426128.164,1664,0,0,2,1,1,Zintel,Uxaa,
ADF0880,767,25.56666667,2645.38,14.9,200.0,8888117.754,221,717,179,1,1,1,ToCall,Uxaa,
ADF0881,1792,59.73333333,2648.71,30.48,21.25,88369.0947,833,23459,83316,2,1,1,PQza,Uxaa,
ADF0882,4164,138.8,2721.91,30.5,0.0,42639.2265,2216,11472,20255,3,3,3,Zintel,Uxaa,
ADF0883,439,14.63333333,2749.94,29.46,230.0,4745351.069,219,15086,3291,1,1,1,Weematel,Uxaa,
ADF0884,2480,82.66666667,2772.52,174.71,68.75,859323.0507,610,14054,63581,1,1,1,0,Uxaa,
ADF0885,3483,116.1,2811.32,99.43,7.5,1006882.5009999999,379,13638,68409,3,0,1,0,Uxaa,
ADF0886,2100,70.0,2817.304,130.15,60.0,3950.7207,540,36792,93801,2,2,2,Uxaa,Uxaa,
ADF0887,3699,123.3,2857.1808,21.87,3.75,75525.0556,594,9501,158521,1,3,3,Weematel,Uxaa,
ADF0888,3657,121.9,2857.67,17.94,0.0,345398.6182,335,0,597,2,1,1,Weematel,Uxaa,
ADF0889,297,9.9,2872.0204,128.2,143.75,7897054.488,113,28086,28975,1,1,1,Uxaa,Uxaa,
ADF0890,3266,108.86666670000001,2911.5159999999996,39.73,1.25,358.9854,891,11035,117135,4,0,0,Zintel,Uxaa,
ADF0891,2456,81.86666667,2916.7884,45.5,41.25,21719.1006,514,51292,123176,1,1,1,PQza,Uxaa,
ADF0892,3060,102.0,2969.51,53.07,63.75,2009878.209,1247,12690,68124,3,2,2,PQza,Uxaa,
ADF0893,410,13.66666667,3004.5,43.76,50.0,220998.371,637,38979,109053,2,0,1,Mango,Uxaa,
ADF0894,3978,132.6,3049.782,10.5,222.5,1471732.905,662,38160,113158,1,1,1,ToCall,Uxaa,
ADF0895,1036,34.53333333,3078.39,0.0,0.0,103607.3232,1052,0,33766,2,0,0,Weematel,Uxaa,
ADF0896,591,19.7,3140.62,13.15,82.5,31389830.49,550,600,7083,1,1,1,ToCall,Uxaa,
ADF0897,2037,67.9,3190.29,14.0,65.0,15210248.36,97,38324,8513,1,3,1,Zintel,Uxaa,
ADF0898,3612,120.4,3240.65,0.6,1.25,9459298.685,1991,0,4271,2,1,1,0,Uxaa,
ADF0899,160,5.333333333,3260.04,158.02,195.0,6432332.881,264,12312,9772,1,1,1,PQza,Uxaa,
ADF0900,1604,53.46666667,3273.0868,66.12,62.5,83012.2188,3490,24481,117931,2,0,0,PQza,Uxaa,
ADF0901,2257,75.23333333,3339.7824,106.73,118.75,513688.8028,378,145839,47207,2,3,3,Weematel,Uxaa,
ADF0902,4084,136.1333333,3405.69,8.98,346.25,9664208.901,178,31878,38246,1,1,1,Mango,Uxaa,
ADF0903,4027,134.2333333,3415.2864,0.0,21.25,25161008.91,853,744,112070,1,1,1,0,Uxaa,
ADF0904,2637,87.9,3434.4732,97.8,56.25,3778.2275,3272,48793,85015,1,2,2,Uxaa,Uxaa,
ADF0905,1670,55.66666667,3443.4264,13.62,0.0,6576.8135,5727,58273,127941,4,2,2,ToCall,Uxaa,
ADF0906,3960,132.0,3491.1348,98.86,75.0,1806876.763,767,18195,133928,11,1,1,PQza,Uxaa,
ADF0907,1507,50.23333333,230.606,41.7,13.75,464.0674,55,2208,7200,1,1,1,Uxaa,Uxaa,
ADF0908,3772,125.73333329999998,231.2284,32.71,11.25,3216081.784,56,2292,11998,1,3,3,Uxaa,Uxaa,
ADF0909,2252,75.06666667,231.5012,0.0,3.75,24.999000000000002,32,10344,1345,3,0,0,Uxaa,Uxaa,
ADF0910,99,3.3,233.6448,21.02,6.25,2454740.7369999997,47,12036,6496,2,0,0,Weematel,Uxaa,
ADF0911,375,12.5,245.9824,5.9,3.75,3980246.229,188,7035,7316,1,1,1,PQza,Uxaa,
ADF0912,2573,85.76666667,247.2212,33.69,28.75,2099.3398,21,4195,4517,2,1,1,PQza,Uxaa,
ADF0913,1844,61.46666667,250.42,34.49,6.25,219.665,34,8648,4784,1,3,1,PQza,Uxaa,
ADF0914,205,6.833333333,250.544,17.39,31.75,5414081.911,58,768,2317,1,1,1,Uxaa,Uxaa,
ADF0915,808,26.93333333,258.19599999999997,18.44,15.0,343.5898,48,156,14359,1,1,1,ToCall,Uxaa,
ADF0916,1135,37.83333333,259.508,4.78,0.0,429950.7549,26,14058,1350,1,0,0,Uxaa,Uxaa,
ADF0917,1267,42.23333333,259.72,21.43,1.25,110909.2002,44,15348,1183,1,3,1,ToCall,Uxaa,
ADF0918,950,31.66666667,261.39,0.0,1.25,110071.6533,42,2946,11282,2,0,1,Weematel,Uxaa,
ADF0919,122,4.066666667,262.94,1.77,0.0,123552.6465,19,8928,15777,6,3,3,Uxaa,Uxaa,
ADF0920,103,3.433333333,263.5,0.0,0.0,7285.9961,82,20640,1202,2,0,0,Uxaa,Uxaa,
ADF0921,210,7.0,264.61,3.82,1.25,4.3926,88,1386,3800,1,0,0,PQza,Uxaa,
ADF0922,1318,43.93333333,264.944,0.0,82.5,85768.66699999999,15,318,3358,1,0,0,Uxaa,Uxaa,
ADF0923,190,6.333333333,265.488,20.87,25.0,793556.3418,71,3834,7526,1,0,0,Zintel,Uxaa,
ADF0924,2224,74.13333333,267.1,41.1,27.5,5466.8838,58,7968,6906,1,3,3,Weematel,Uxaa,
ADF0925,476,15.86666667,267.35,33.25,38.75,19628752.47,116,3012,3712,2,0,0,PQza,Uxaa,
ADF0926,904,30.13333333,267.948,26.85,53.75,8196775.512,188,2400,4574,3,3,3,Uxaa,Uxaa,
ADF0927,773,25.76666667,272.096,35.21,0.0,16.1621,37,2496,7527,1,3,3,Mango,Uxaa,
ADF0928,265,8.833333332999999,275.17,0.0,1.25,13.6777,126,5358,2115,1,2,2,ToCall,Uxaa,
ADF0929,517,17.23333333,288.998,16.56,47.5,135483.1367,211,10200,6065,1,2,2,PQza,Uxaa,
ADF0930,1625,54.16666667,291.672,18.08,8.75,14613.6963,48,10673,3597,1,1,1,Mango,Uxaa,
ADF0931,185,6.166666667,294.176,58.02,13.75,3282096.0689999997,106,1368,6905,1,2,2,Mango,Uxaa,
ADF0932,99,3.3,294.59,5.26,1.25,80650.1299,42,20760,5036,1,0,1,Uxaa,Uxaa,
ADF0933,200,6.666666667,297.362,31.15,86.25,183798.9473,36,7320,2027,1,2,2,PQza,Uxaa,
ADF0934,427,14.23333333,299.2504,28.51,0.0,586820.2129,89,11136,5742,2,1,1,Uxaa,Uxaa,
ADF0935,116,3.866666667,302.052,0.0,8.75,1301228.527,26,3060,885,11,2,2,Zintel,Uxaa,
ADF0936,-3,-0.1,307.1204,6.25,75.0,345076.2626,9,477,1284,3,1,1,Zintel,Uxaa,
ADF0937,121,4.033333333,313.56,0.0,5.0,3.7891,99,22248,1512,1,3,3,ToCall,Uxaa,
ADF0938,1885,62.83333333,315.7644,51.3,17.5,61396.4766,218,2378,15851,6,1,1,Mango,Uxaa,
ADF0939,1151,38.36666667,324.168,2.62,2.5,21471.5733,140,3823,1003,3,2,2,ToCall,Uxaa,
ADF0940,2201,73.36666667,326.95,14.96,0.31,1.0762,71,16994,7776,2,1,1,PQza,Uxaa,
ADF0941,2076,69.2,328.462,39.71,3.75,65.2695,49,1685,13212,1,2,2,Mango,Uxaa,
ADF0942,121,4.033333333,330.404,64.75,15.0,127026.0957,66,16128,3378,4,1,1,Uxaa,Uxaa,
ADF0943,117,3.9,331.41,0.0,130.0,422223.292,39,276,3933,2,3,3,Weematel,Uxaa,
ADF0944,983,32.76666667,332.0084,21.51,91.25,112226.2578,38,6018,5904,1,1,1,Uxaa,Uxaa,
ADF0945,862,28.73333333,334.832,27.23,23.75,4962.2451,100,2553,4908,1,2,2,ToCall,Uxaa,
ADF0946,122,4.066666667,335.3816,5.25,40.0,2088.7676,160,15252,1052,2,2,2,Uxaa,Uxaa,
ADF0947,678,22.6,340.4488,21.98,10.0,120831.5244,86,3014,9499,1,1,1,PQza,Uxaa,
ADF0948,188,6.266666667000001,342.7304,0.0,115.0,3433571.213,17,2244,2506,1,1,1,Weematel,Uxaa,
ADF0949,3020,100.66666670000001,343.95,71.21,2.5,21.9531,180,9557,179,1,1,1,0,Uxaa,
ADF0950,630,21.0,347.494,2.36,106.25,2571466.441,21,2076,537,1,1,1,Uxaa,Uxaa,
ADF0951,1295,43.16666667,350.83,0.0,37.5,106360.8819,54,6741,10159,3,3,1,Mango,Uxaa,
ADF0952,348,11.6,356.25,0.0,0.0,106.9268,144,6090,3749,12,0,0,Zintel,Uxaa,
ADF0953,2029,67.63333333,360.048,21.51,2.5,132.9922,173,3150,9370,1,0,0,PQza,Uxaa,
ADF0954,1147,38.23333333,366.89599999999996,46.27,1.55,170.0156,82,6014,10447,2,1,1,ToCall,Uxaa,
ADF0955,978,32.6,368.76,10.56,19.22,50045.6182,43,742,2147,1,1,1,Weematel,Uxaa,
ADF0956,243,8.1,376.5892,9.56,26.25,9622013.832,35,300,1094,1,1,1,Uxaa,Uxaa,
ADF0957,3869,128.96666670000002,379.3112,11.95,27.5,3007865.6689999998,50,588,251,1,1,1,Uxaa,Uxaa,
ADF0958,394,13.13333333,393.504,26.25,21.25,4451.127,47,11868,9035,1,2,2,Mango,Uxaa,
ADF0959,141,4.7,394.5804,94.5,0.0,31963.7617,89,5928,13667,1,2,2,Uxaa,Uxaa,
ADF0960,108,3.6,394.598,289.62,6.25,319883.6436,23,4284,4632,1,2,2,Zintel,Uxaa,
ADF0961,1498,49.93333333,433.16,46.37,56.25,9327.9707,80,9251,14077,11,0,0,Mango,Uxaa,
ADF0962,113,3.766666667,434.25,0.0,27.5,1648503.017,25,39348,657,1,1,1,Mango,Uxaa,
ADF0963,683,22.76666667,436.66,14.81,5.0,345.6699,96,1507,22946,1,1,0,ToCall,Uxaa,
ADF0964,3626,120.86666670000001,437.69,7.0,40.0,1357.793,136,8652,12966,1,0,0,Uxaa,Uxaa,
ADF0965,1948,64.93333333,437.94,0.0,0.0,1964654.5369999998,675,0,0,11,2,2,Weematel,Uxaa,
ADF0966,4558,151.93333330000002,442.62,18.48,46.25,643193.666,49,5789,14078,1,1,1,Uxaa,Uxaa,
ADF0967,142,4.733333333,444.16,3.5,0.0,50.8291,128,16416,14382,1,2,2,0,Uxaa,
ADF0968,125,4.166666667,444.17,1.76,68.75,1515728.469,79,4152,11553,3,1,1,Mango,Uxaa,
ADF0969,255,8.5,445.5004,0.0,38.75,530260.8467,126,5034,5206,2,1,1,Mango,Uxaa,
ADF0970,740,24.66666667,448.11400000000003,35.77,1.86,5675.3438,34,1660,15037,1,2,2,Mango,Uxaa,
ADF0971,143,4.766666667,449.17,0.0,96.25,1074996.378,9,24,732,1,1,1,Uxaa,Uxaa,
ADF0972,1518,50.6,451.42,20.87,73.75,43029.7725,60,2917,14055,1,1,1,PQza,Uxaa,
ADF0973,436,14.53333333,456.59,4.46,1.25,1929995.054,301,0,1318,3,1,1,PQza,Uxaa,
ADF0974,3770,125.66666670000001,458.5184,0.0,0.0,1022392.103,84,0,895,2,3,3,ToCall,Uxaa,
ADF0975,1259,41.96666667,460.1252,38.02,44.95,1542776.935,27,3054,1944,1,2,2,Uxaa,Uxaa,
ADF0976,4120,137.33333330000002,460.38,0.0,0.0,1874794.785,366,0,0,3,3,1,Uxaa,Uxaa,
ADF0977,978,32.6,461.37,0.0,0.0,5974.6787,1270,0,299,9,2,2,PQza,Uxaa,
ADF0978,3219,107.3,467.88,16.73,0.31,2009279.905,230,716,0,5,1,1,ToCall,Uxaa,
ADF0979,2157,71.9,468.08,0.0,8.75,1581082.119,321,0,0,11,1,1,PQza,Uxaa,
ADF0980,667,22.23333333,469.6584,13.06,0.0,455.1973,89,4315,25839,1,1,1,PQza,Uxaa,
ADF0981,5355,178.5,470.13,0.0,3.75,1811814.2030000002,391,0,2868,3,1,1,Zintel,Uxaa,
ADF0982,2365,78.83333333,477.89,5.26,0.0,1507078.611,333,1284,1611,5,1,1,Zintel,Uxaa,
ADF0983,137,4.566666667,478.0704,0.0,7.5,268716.9639,72,4176,537,1,1,1,Uxaa,Uxaa,
ADF0984,193,6.433333332999999,479.13,21.0,0.0,1010.3652,220,9474,7194,1,2,2,Zintel,Uxaa,
ADF0985,1168,38.93333333,480.35,14.34,18.75,1710923.7040000001,226,0,358,1,1,1,Mango,Uxaa,
ADF0986,-8,-0.26666666699999997,485.7008,21.34,0.0,2327900.778,607,0,179,1,2,2,ToCall,Uxaa,
ADF0987,177,5.9,487.316,27.32,70.0,857219.9648,39,3654,3719,1,0,0,Uxaa,Uxaa,
ADF0988,2143,71.43333333,491.19800000000004,49.98,28.75,1417258.4009999998,211,6369,16385,1,1,1,ToCall,Uxaa,
ADF0989,217,7.233333332999999,493.59,4.97,45.0,5731.5371,18,11874,3670,9,1,1,Uxaa,Uxaa,
ADF0990,720,24.0,496.38199999999995,19.12,3.75,34500.5986,78,0,537,1,1,1,PQza,Uxaa,
ADF0991,499,16.63333333,500.05,22.07,2.5,34.2275,73,4387,18811,1,1,1,Uxaa,Uxaa,
ADF0992,1153,38.43333333,502.26,11.28,373.75,176811.7705,88,408,8507,1,1,1,Uxaa,Uxaa,
ADF0993,1860,62.0,504.546,15.04,0.0,6.8154,78,19170,12812,1,1,1,PQza,Uxaa,
ADF0994,100,3.333333333,506.666,254.62,32.5,694453.0645,16,17436,2520,1,1,1,Uxaa,Uxaa,
ADF0995,3094,103.1333333,506.898,16.73,0.0,1853.8701,89,12,3130,1,2,2,PQza,Uxaa,
ADF0996,473,15.76666667,509.05,44.97,41.02,335596.8819,97,6124,7181,2,1,1,Uxaa,Uxaa,
ADF0997,1104,36.8,509.6652,14.11,22.94,795303.6104,37,1551,7013,5,1,1,Uxaa,Uxaa,
ADF0998,1706,56.86666667,510.704,1.2,45.0,45768537.48,21,560,2957,15,1,1,PQza,Uxaa,
ADF0999,114,3.8,511.16,5.98,0.0,0.9023,78,3876,480,1,3,1,ToCall,Uxaa,
ADF1000,2559,85.3,511.5108,64.72,0.0,24.5625,58,1998,14184,1,1,1,Uxaa,Uxaa,
ADF1001,1341,44.7,514.774,26.99,0.0,830.3135,543,1004,2402,1,0,0,Weematel,Uxaa,
ADF1002,503,16.76666667,519.0980000000001,33.46,0.0,3439.042,388,48,2306,1,2,2,Uxaa,Uxaa,
ADF1003,2471,82.36666667,519.882,8.92,2.5,401433.6513,82,4637,0,1,1,1,ToCall,Uxaa,
ADF1004,350,11.66666667,522.6908,1.75,31.25,39050.4199,164,5652,3064,1,0,1,Uxaa,Uxaa,
ADF1005,1183,39.43333333,526.47,13.12,0.0,699374.4385,62,2409,311,1,3,3,ToCall,Uxaa,
ADF1006,425,14.16666667,528.79,7.17,20.0,1049095.424,499,0,2029,1,1,1,Zintel,Uxaa,
ADF1007,1486,49.53333333,535.2984,28.87,75.0,663773.7119,34,6992,2999,1,1,1,Uxaa,Uxaa,
ADF1008,4024,134.13333329999998,539.05,20.79,17.5,27092.9619,116,15098,26755,1,3,3,Weematel,Uxaa,
ADF1009,443,14.76666667,544.138,16.01,3.75,1248844.508,241,0,4589,1,1,1,PQza,Uxaa,
ADF1010,144,4.8,545.66,24.21,12.5,93433.5361,22,18756,1292,3,1,1,Uxaa,Uxaa,
ADF1011,1310,43.66666667,553.08,56.46,82.46,455697.4336,41,4832,7501,1,1,1,Uxaa,Uxaa,
ADF1012,131,4.366666667,553.846,102.23,50.0,982714.3545,63,19032,1596,1,1,1,Weematel,Uxaa,
ADF1013,1710,57.0,557.2180000000001,30.63,37.5,390167.0987,99,2412,407,1,3,3,Zintel,Uxaa,
ADF1014,121,4.033333333,557.8976,151.37,63.75,893795.2266,63,8376,1617,2,3,3,PQza,Uxaa,
ADF1015,757,25.23333333,560.3904,14.34,0.0,198.2295,210,9276,6227,1,1,1,Uxaa,Uxaa,
ADF1016,2319,77.3,571.7,6.53,37.5,10781330.63,74,780,1898,2,2,2,PQza,Uxaa,
ADF1017,1016,33.86666667,574.7668,11.88,31.31,3338611.233,31,7672,632,1,1,1,PQza,Uxaa,
ADF1018,111,3.7,574.92,9.62,62.5,834169.5957,99,1980,4019,1,2,2,PQza,Uxaa,
ADF1019,939,31.3,580.0740000000001,31.84,5.0,103.6934,244,753,2736,1,1,1,PQza,Uxaa,
ADF1020,1257,41.9,582.2304,0.0,0.0,106993.877,335,4776,537,7,2,2,Uxaa,Uxaa,
ADF1021,1259,41.96666667,582.25,14.17,25.0,49100.1172,155,12270,5720,1,2,2,PQza,Uxaa,
ADF1022,1445,48.16666667,590.98,9.62,48.75,768414.1699,28,816,2256,3,3,3,PQza,Uxaa,
ADF1023,889,29.63333333,592.7748,20.4,15.0,139035.21,145,3588,12063,4,2,2,Zintel,Uxaa,
ADF1024,140,4.666666667,593.9008,3.5,35.0,1202513.707,46,11784,4644,3,1,1,Mango,Uxaa,
ADF1025,536,17.86666667,593.942,39.65,18.75,802.1836,260,12534,25906,1,1,1,ToCall,Uxaa,
ADF1026,1727,57.56666667,598.072,28.68,0.0,1024000.0,357,478,5735,5,1,1,ToCall,Uxaa,
ADF1856,2186,72.86666667,1313.1,0.0,0.0,2723323.222,471,0,0,1,3,3,PQza,Weematel,
ADF1857,2470,82.33333333,1348.17,60.08,421.25,4017269.479,20,347,3812,1,1,1,Weematel,Weematel,
ADF1858,4149,138.3,1387.99,15.28,12.5,42.7725,240,26429,65224,1,2,2,Weematel,Weematel,
ADF1859,1192,39.73333333,1703.49,1.75,43.75,40875671.73,107,3667,24131,3,1,1,Zintel,Weematel,
ADF1860,1142,38.06666667,2155.3688,0.0,155.0,7929409.408,32,348,7950,1,1,3,Uxaa,Weematel,
ADF1861,716,23.86666667,2314.186,168.98,0.0,93740.2715,483,12534,105130,3,3,3,0,Weematel,
ADF1862,654,21.8,2559.4616,87.48,175.0,9842255.197999999,549,10608,91331,1,1,1,Mango,Weematel,
ADF1863,152,5.066666667,2770.466,214.19,512.5,172488.9599,405,8484,88672,1,1,1,0,Weematel,
ADF1864,2546,84.86666667,3437.7,79.2,235.0,670008.252,144,2820,110699,3,1,1,Mango,Weematel,
ADF1865,236,7.8666666670000005,242.9804,0.0,47.5,2008.5332,48,750,11686,1,1,3,Mango,Weematel,
ADF1866,1358,45.26666667,290.3452,0.0,13.75,670886.1133,46,636,7409,1,1,1,Zintel,Weematel,
ADF1867,842,28.06666667,306.2928,59.02,30.0,138981.043,55,3240,10198,1,0,0,PQza,Weematel,
ADF1868,1282,42.73333333,320.47,133.0,8.75,2.8711,51,492,11376,1,1,1,Mango,Weematel,
ADF1869,1436,47.86666667,322.77,12.1,1.25,10.8926,43,4243,10397,1,0,0,Mango,Weematel,
ADF1870,114,3.8,356.41,102.55,36.25,61200.8525,51,1632,10762,1,1,1,Uxaa,Weematel,
ADF1871,109,3.633333333,369.0384,0.0,83.75,4242460.409,11,12,1780,2,1,1,Weematel,Weematel,
ADF1872,406,13.53333333,409.3764,37.98,0.0,99516.6015,63,2718,10584,1,1,1,Zintel,Weematel,
ADF1873,231,7.7,410.9916,0.0,88.75,15544589.01,20,0,3340,1,1,1,Weematel,Weematel,
ADF1874,218,7.266666667000001,412.2052,11.1,6.25,2989776.3510000003,43,510,9358,1,1,1,Weematel,Weematel,
ADF1875,2874,95.8,534.31,0.0,193.75,143600.9297,47,4904,16128,3,1,1,Weematel,Weematel,
ADF1876,2838,94.6,544.0980000000001,19.72,6.25,434624.2656,187,502,6561,5,2,2,Uxaa,Weematel,
ADF1877,96,3.2,570.08,1.75,0.0,324.4307,103,372,9352,8,3,1,Zintel,Weematel,
ADF1878,1033,34.43333333,596.41,24.84,25.0,2702.4609,78,5880,44591,1,1,1,Weematel,Weematel,
ADF1930,135,4.5,1321.8248,308.42,218.75,95368.5029,235,21096,34919,1,1,1,Zintel,Zintel,
ADF1931,3696,123.2,1703.374,10.08,0.0,363433.375,212,660,4493,2,3,3,ToCall,Zintel,
ADF1932,214,7.1333333329999995,226.308,8.75,33.75,21961600.71,49,114,9032,1,1,1,0,Zintel,
ADF1933,978,32.6,259.94,23.26,23.75,905925.8711,10,0,1845,1,1,1,Zintel,Zintel,
ADF1934,358,11.93333333,270.4684,60.32,1.25,4.8496,48,1524,8093,1,0,0,Uxaa,Zintel,
ADF1935,873,29.1,274.64,37.48,26.25,7724.8985,17,7212,3702,5,1,1,Weematel,Zintel,
ADF1936,113,3.766666667,286.09,0.0,60.76,2637011.44,8,2695,1610,1,3,1,ToCall,Zintel,
ADF1937,439,14.63333333,290.82,12.42,30.0,6379885.926,53,216,10240,1,0,0,Uxaa,Zintel,
ADF1938,111,3.7,292.35,164.5,0.0,1017.6211,43,2064,8879,1,3,1,Mango,Zintel,
ADF1939,1361,45.36666667,299.4456,11.36,52.5,2545.6172,16,318,9611,14,1,1,PQza,Zintel,
ADF1940,744,24.8,301.7,27.32,0.0,1169.4277,31,260,8962,1,0,0,Uxaa,Zintel,
ADF1941,2437,81.23333333,305.85,13.15,23.75,9570.3828,27,3179,7183,1,0,0,Mango,Zintel,
ADF1942,138,4.6,311.7332,33.55,11.25,2721658.582,15,1632,934,1,2,2,Zintel,Zintel,
ADF1943,3187,106.23333329999998,335.21,17.27,45.0,658241.8184,12,468,1373,1,1,1,Zintel,Zintel,
ADF1944,568,18.93333333,337.65,43.68,1.25,8.3652,41,7380,4536,1,2,2,Uxaa,Zintel,
ADF1945,572,19.06666667,371.5268,8.92,61.25,155118.8614,58,1500,13745,1,3,3,Mango,Zintel,
ADF1946,4083,136.1,380.03,83.72,155.0,83681.917,20,2486,4852,1,1,1,PQza,Zintel,
ADF1947,652,21.73333333,456.4188,0.6,12.09,10627445.77,43,1254,6404,1,1,1,Zintel,Zintel,
ADF1948,173,5.766666667000001,459.23,17.95,0.0,476843.5157,212,0,358,4,1,1,Zintel,Zintel,
ADF1949,3054,101.8,461.88,2.39,0.0,180877.6924,107,477,1678,1,1,1,Uxaa,Zintel,
ADF1950,1698,56.6,479.93,4.37,0.0,899252.9463,74,432,2278,2,0,0,Uxaa,Zintel,
ADF1951,411,13.7,488.5264,28.68,0.0,254002.6962,117,0,623,1,1,1,ToCall,Zintel,
ADF1952,812,27.06666667,493.28,26.29,0.0,51854.8193,205,0,179,1,1,0,PQza,Zintel,
ADF1953,549,18.3,498.7144,19.5,20.0,921.4365,162,8324,17414,1,0,0,Zintel,Zintel,
